	-- Inserção dos dados nas tabelas:
    
    INSERT INTO Obra(id_obra, nome_obra, genero)
	VALUES
    (1, 'Hora de Aventura', 'Animação'),
    (2, 'Apenas um Show', 'Animação'),
    (3, 'As Quatro Estações do Ano', 'Documentário'),
    (4, 'Nonnas', 'Drama'),
    (5, 'Paulo, Apóstolo de Cristo', 'Religioso'),
    (6, 'O show de Truman - O Show da Vida', 'Drama'),
    (7, 'Como Ganhar Milhões Antes Que a Vovó Morra', 'Comédia'),
    (8, 'Uma vida em sete dias', 'Drama'),
    (9, 'O Dilema das Redes', 'Documentário'),
    (10, 'A Lista Da Minha Vida', 'Drama'),
    (11, 'Você é o que Você Come', 'Documentário'),
    (12, 'Wild Wild Country', 'Documentário'),
    (13, 'O Predestinado', 'Ficção Científica'),
    (14, 'Titãs', 'Ação'),
    (15, 'Cassandra', 'Drama'),
    (16, 'Resident Alien', 'Comédia'),
    (17, 'Uncharted', 'Ação'),
    (18, 'O Caçador de Ratos', 'Drama'),
    (19, 'O Cisne', 'Drama'),
    (20, 'Yellowstone', 'Drama'),
    (21, 'The Witcher - Sereias das Profundezas', 'Fantasia'),
    (22, 'The Witcher(Série)', 'Fantasia'),
    (23, 'Ad Astra', 'Ficção Científica'),
    (24, 'Anuja', 'Drama'),
    (25, 'Hilda', 'Animação'),
    (26, 'Três Canções Para Benazir', 'Drama'),
    (27, 'The Chosen', 'Religioso'),
    (28, 'A Vida por Philomena Cunk', 'Comédia'),
    (29, 'The Midnight Gospel', 'Animação'),
    (30, 'Shaun, o carneiro', 'Animação'),
    (31, 'Um Espião Infiltrado', 'Suspense'),
    (32, 'Wallace & Gromit - Avengança', 'Animação'),
    (33, 'Brooklyn Nine-Nine', 'Comédia'),
    (34, 'O Menino e a Garça', 'Animação'),
    (35, 'Virgem Maria', 'Religioso');
    
    INSERT INTO Episodio (id_ep, nome_ep, id_obra, temporada)
    VALUES
    (1, "Bruxo / Despejado", 1, "Temporada 1"),
    (2, "Minhas duas pessoas prediletas / Lembranças da montanha Boom Boom", 1, "Temporada 1"),
    (3, "Ricárdio, o coração / Hora de negócios", 1, "Temporada 1"),
    (4, "Prisioneiras do amor / Dona Tromba", 1, "Temporada 1"),
    (5, "O enquirídio / Zigue-zague", 1, "Temporada 1"),
    (6, "Pânico na festa do pijama / Problemas na Terra do Caroço", 1, "Temporada 1"),
    (7, "Pete Festeiro", 2, "Temporada 2"),
    (8, "Ódio Contra A Televisão", 2, "Temporada 2"),
    (9, "Puntuação Máxima", 2, "Temporada 2"),
    (10, "Minha Mãe", 2, "Temporada 2"),
    (11, "Tonto", 2, "Temporada 2"),
    (12, "Espiada", 2, "Temporada 2"),
    (13, "Dia De Reconhecimento", 2, "Temporada 2"),
    (14, "Tá Na Hora", 2, "Temporada 2"),
    (15, "Olá Senhor", 2, "Temporada 2"),
    (16, "Mordecai E Os Rig", 2, "Temporada 1"),
    (17, "O Corpo De Rigby", 2, "Temporada 1"),
    (18, "Acesso Negado", 2, "Temporada 3"),
    (19, "Divertido", 3, NULL),
    (20, "Esquiando", 3, NULL),
    (21, "Frisbee", 3, NULL),
    (22, "Morto Ás Oito", 2, "Temporada 3"),
    (23, "Carrinho Detonado", 2, "Temporada 3"),
    (24, "Sim Cara Sim", 2, "Temporada 3"),
    (25, "Punhos Da Justiça", 2, "Temporada 3"),
    (26, "Canoa Furada", 2, "Temporada 3"),
    (27, "Substituído", 2, "Temporada 3"),
    (28, "O Melhor Hambúrguer Do Mundo", 2, "Temporada 3"),
    (29, "Fim de semana em família", 3, NULL),
    (30, "Bar da praia", 3, NULL),
    (31, "Eco resort", 3, NULL),
    (32, "Festa no jardim", 3, NULL),
    (33, "Casa do lago", 3, NULL),
    (34, NULL, 4, NULL),
    (35, "O Grande Ganhador", 2, "Temporada 3"),
    (36, "Magos Do Videogame", 2, "Temporada 3"),
    (37, "Modelo De Barriga", 2, "Temporada 3"),
    (38, "Ovocelente", 2, "Temporada 3"),
    (39, "Discando De Bumbum", 2, "Temporada 3"),
    (40, "Beijo Ruim", 2, "Temporada 3"),
    (41, NULL, 5, NULL),
    (42, NULL, 6, NULL),
    (43, "Barato Doce", 2, "Temporada 3"),
    (44, "Dados Felpudos", 2, "Temporada 3"),
    (45, "O Urso Mortal", 2, "Temporada 3"),
    (46, "Sem Pegadinhas", 2, "Temporada 3"),
    (47, "O Melhor Vhs Do Mundo", 2, "Temporada 3"),
    (48, "O Diário", 2, "Temporada 3"),
    (49, "Restaurante Chique", 2, "Temporada 3"),
    (50, "Fora De Circulação", 2, "Temporada 3"),
    (51, "O Melhor Caminhoneiro Do Mundo", 2, "Temporada 3"),
    (52, "Mentor Musculoso", 2, "Temporada 3"),
    (53, NULL, 7, NULL),
    (54, " Saltitão Contra A Tecnologia", 2, "Temporada 3"),
    (55, "Pense Positivo", 2, "Temporada 3"),
    (56, "Biscoito Da Sorte", 2, "Temporada 3"),
    (57, "Fim De Semana No Benson", 2, "Temporada 3"),
    (58, "Debaixo Do Capuz", 2, "Temporada 3"),
    (59, "Dando Um Role No Meu Carango", 2, "Temporada 3"),
    (60, NULL, 8, NULL),
    (61, "Soltando O Rap", 2, "Temporada 3"),
    (62, "Regras Da Casa", 2, "Temporada 3"),
    (63, "Bicicletas Descoladas", 2, "Temporada 3"),
    (64, "Rebotes E Enterradas", 2, "Temporada 3"),
    (65, "Acampar Pode Ser Legal", 2, "Temporada 3"),
    (66, "Saltitão Joga Um Bolão", 2, "Temporada 3"),
    (67, "Aposta Radical", 2, "Temporada 3"),
    (68, "Hóquei De Mesa", 2, "Temporada 3"),
    (69, "Video De Karaoke", 2, "Temporada 2"),
    (70, "Fedo Rento", 2, "Temporada 2"),
    (71, "Olha O Vírus", 2, "Temporada 2"),
    (72, "Primeiro Dia", 2, "Temporada 2"),
    (73, "Maior Esperto", 2, "Temporada 2"),
    (74, "Um Monte De Patihnos", 2, "Temporada 2"),
    (75, "A Coruja Noturna", 2, "Temporada 2"),
    (76, "Lá No Topo", 2, "Temporada 2"),
    (77, "Luta De Verdade Mesmo", 2, "Temporada 2"),
    (78, "No Cemitério", 2, "Temporada 2"),
    (79, "Me Faça Um Favor", 2, "Temporada 2"),
    (80, "A Gente Se Vé Lá", 2, "Temporada 2"),
    (81, "Sorte Minha", 2, "Temporada 2"),
    (82, "Trabalhador Temporário", 2, "Temporada 2"),
    (83, "Musculosa", 2, "Temporada 2"),
    (84, "Esta É Minha Música", 2, "Temporada 2"),
    (85, "Mas Eu Tenho Um Recibo", 2, "Temporada 2"),
    (86, "Benson Se Foi", 2, "Temporada 2"),
    (87, "Lavagem Cerebral", 2, "Temporada 2"),
    (88, NULL, 9, NULL),
    (89, NULL, 10, NULL),
    (90, "Episódio 4", 11, NULL),
    (91, "Episódio 1", 11, NULL),
    (92, "Episódio 3", 11, NULL),
    (93, "Episódio 2", 11, NULL),
    (94, "Parte 1", 12, NULL),
    (95, NULL, 13, NULL),
    (96, "Fantasmas", 14, "Temporada 2"),
    (97, "Recomeço", 15, NULL),
    (98, "Piloto", 16, "Temporada 1"),
    (99, NULL, 17, NULL),
    (100, NULL, 18, NULL),
    (101, NULL, 19, NULL),
    (102, "Nenhum bom cavalo", 20, "Temporada 1"),
    (103, "Matar o mensageiro", 20, "Temporada 1"),
    (104, "Amanhecer", 20, "Temporada 1"),
    (105, NULL, 21, NULL),
    (106, "O começo do fim", 22, NULL),
    (107, NULL, 23, NULL),
    (108, NULL, 24, NULL),
    (109,  "Capítulo 6 - O espírito do pesadelo", 25, "Temporada 1"),
    (110, "Capítulo 5 - O troll de pedra", 25, "Temporada 1"),
    (111, "Capítulo 4 - Os escoteiros Pardal", 25, "Temporada 1"),
    (112, "Capítuo 3 - O desfile de pássaros", 25, "Temporada 1"),
    (113, "Capítulo 2 - O gigante da meia-noite", 25, "Temporada 1"),
    (114, "Capítulo 1 - As pessoas escondidas", 25, "Temporada 1"),
    (115, NULL, 26, NULL),
    (116, "Alimento", 27, "Temporada 3"),
    (117, NULL, 28, NULL),
    (118, "Como eu nasci", 29, NULL),
	(119, 'Papo com a morte', 29, NULL),
	(120, 'Mente superlotada', 29, NULL),
	(121, 'Rei das colheres', 29, NULL),
	(122, 'Ordenando um corvo', 29, NULL),
	(123, 'Vomita sorvete?', 29, NULL),
	(124, 'Medite como Cristo', 29, NULL),
	(125, 'Entrega expressa / Vida no lago', 30, 'Aventuras na Fazenda'),
	(126, 'O roubo do ursinho / O drama do filme', 30, 'Aventuras na Fazenda'),
	(127, 'Vai, Bitzer! / A taça e o porco', 30, 'Aventuras na Fazenda'),
	(128, 'O sumiço das nozes / Quarto da ovelha', 30, 'Aventuras na Fazenda'),
	(129, '#astrodafazenda / O caso do apito', 30, 'Aventuras na Fazenda'),
	(130, 'Super Carneiro / Bitzer e o drone', 30, 'Aventuras na Fazenda'),
	(131, 'Bé-guerita / Pegue sua cabra', 30, 'Aventuras na Fazenda'),
	(132, 'O espião que saiu do frio', 31, NULL),
	(133, 'De Russian Hill, com amor', 31, NULL),
	(134, 'Nosso homem em Sacramento', 31, NULL),
	(135, 'Presente real e imediato', 31, NULL),
	(136, 'O estranho caso do cachorro-carcaça', 31, NULL),
	(137, 'Emily bate à sua porta', 31, NULL),
	(138, 'O homem que sabia demais sobre pontes', 31, NULL),
	(139, 'O espião que já viveu demais', 31, NULL),
	(140, NULL, 32, NULL),
	(141, 'Bem acompanhado', 33, ' Temporada 1'),
	(142, NULL, 34, NULL),
	(143, NULL, 35, NULL);
    
    INSERT INTO _Data_ (data_assist, dia_semana)
    VALUES 
    ('2025-06-01', 'domingo'),
	('2025-05-26', 'segunda-feira'),
	('2025-05-23', 'sexta-feira'),
	('2025-05-19', 'segunda-feira'),
	('2025-05-18', 'domingo'),
	('2025-05-17', 'sábado'),
	('2025-05-16', 'sexta-feira'),
	('2025-05-15', 'quinta-feira'),
	('2025-05-12', 'segunda-feira'),
	('2025-05-07', 'quarta-feira'),
	('2025-05-05', 'segunda-feira'),
	('2025-04-28', 'segunda-feira'),
	('2025-04-27', 'domingo'),
	('2025-04-22', 'terça-feira'),
	('2025-04-07', 'segunda-feira'),
	('2025-03-29', 'sábado'),
	('2025-03-25', 'terça-feira'),
	('2025-03-23', 'domingo'),
	('2025-03-04', 'terça-feira'),
	('2025-03-01', 'sábado'),
	('2025-02-22', 'sábado'),
	('2025-02-21', 'sexta-feira'),
	('2025-02-20', 'quinta-feira'),
	('2025-02-10', 'segunda-feira'),
	('2025-02-09', 'domingo'),
	('2025-02-08', 'sábado'),
	('2025-01-31', 'sexta-feira'),
	('2025-01-25', 'sábado'),
	('2025-01-24', 'sexta-feira'),
	('2025-01-15', 'quarta-feira'),
	('2025-01-13', 'segunda-feira'),
	('2025-01-12', 'domingo'),
	('2025-01-11', 'sábado'),
	('2025-01-10', 'sexta-feira'),
	('2025-01-05', 'domingo');
    
    INSERT INTO assistencia(id_assist, id_ep, data_assist, tempo, id_obra)
    VALUES
	(1, 1, '2025-06-01', '00:22:00', 1),
	(2, 2, '2025-06-01', '00:22:00', 1),
	(3, 3, '2025-06-01', '00:22:00', 1),
	(4, 4, '2025-06-01', '00:22:00', 1),
	(5, 5, '2025-06-01', '00:22:00', 1),
	(6, 6, '2025-06-01', '00:22:00', 1),
	(7, 7, '2025-05-26', '00:11:00', 2),
	(8, 8, '2025-05-26', '00:11:00', 2),
	(9, 9, '2025-05-26', '00:11:00', 2),
	(10, 10, '2025-05-26', '00:11:00', 2),
	(11, 11, '2025-05-26', '00:11:00', 2),
	(12, 12, '2025-05-26', '00:11:00', 2),
	(13, 13, '2025-05-26', '00:11:00', 2),
	(14, 14, '2025-05-26', '00:11:00', 2),
	(15, 15, '2025-05-26', '00:11:00', 2),
	(16, 16, '2025-05-23', '00:11:00', 2),
	(17, 17, '2025-05-23', '00:11:00', 2),
	(18, 18, '2025-05-23', '00:11:00', 2),
	(19, 19, '2025-05-19', '00:35:00', 3),
	(20, 20, '2025-05-18', '00:34:00', 3),
	(21, 21, '2025-05-18', '00:31:00', 3),
	(22, 22, '2025-05-17', '00:11:00', 2),
	(23, 23, '2025-05-17', '00:11:00', 2),
	(24, 24, '2025-05-17', '00:11:00', 2),
	(25, 25, '2025-05-17', '00:11:00', 2),
	(26, 26, '2025-05-17', '00:11:00', 2),
	(27, 27, '2025-05-17', '00:11:00', 2),
	(28, 28, '2025-05-17', '00:11:00', 2),
	(29, 29, '2025-05-17', '00:33:00', 3),
	(30, 30, '2025-05-17', '00:32:00', 3),
	(31, 31, '2025-05-17', '00:31:00', 3),
	(32, 32, '2025-05-17', '00:30:00', 3),
	(33, 33, '2025-05-16', '00:27:00', 3),
	(34, 34, '2025-05-15', '01:54:00', 4),
	(35, 35, '2025-05-12', '00:11:00', 2),
	(36, 36, '2025-05-12', '00:11:00', 2),
	(37, 37, '2025-05-12', '00:11:00', 2),
	(38, 38, '2025-05-12', '00:11:00', 2),
	(39, 39, '2025-05-12', '00:11:00', 2),
	(40, 40, '2025-05-12', '00:11:00', 2),
	(41, 41, '2025-05-07', '01:47:00', 5),
	(42, 42, '2025-05-07', '01:43:00', 6),
	(43, 43, '2025-05-05', '00:11:00', 2),
	(44, 44, '2025-05-05', '00:11:00', 2),
	(45, 45, '2025-05-05', '00:11:00', 2),
	(46, 46, '2025-05-05', '00:11:00', 2),
	(47, 47, '2025-05-05', '00:11:00', 2),
	(48, 48, '2025-05-05', '00:11:00', 2),
	(49, 49, '2025-05-05', '00:11:00', 2),
	(50, 50, '2025-05-05', '00:11:00', 2),
	(51, 51, '2025-05-05', '00:11:00', 2),
	(52, 52, '2025-05-05', '00:11:00', 2),
	(53, 53, '2025-05-05', '02:05:00', 7),
	(54, 54, '2025-04-28', '00:11:00', 2),
	(55, 55, '2025-04-28', '00:11:00', 2),
	(56, 56, '2025-04-28', '00:11:00', 2),
	(57, 57, '2025-04-28', '00:11:00', 2),
	(58, 58, '2025-04-28', '00:11:00', 2),
	(59, 59, '2025-04-28', '00:11:00', 2),
	(60, 60, '2025-04-28', '01:43:00', 8),
	(61, 61, '2025-04-27', '00:11:00', 2),
	(62, 62, '2025-04-27', '00:11:00', 2),
	(63, 63, '2025-04-27', '00:11:00', 2),
	(64, 64, '2025-04-27', '00:11:00', 2),
	(65, 65, '2025-04-27', '00:11:00', 2),
	(66, 66, '2025-04-27', '00:11:00', 2),
	(67, 67, '2025-04-27', '00:11:00', 2),
	(68, 68, '2025-04-27', '00:11:00', 2),
	(69, 69, '2025-04-27', '00:11:00', 2),
	(70, 70, '2025-04-27', '00:11:00', 2),
	(71, 71, '2025-04-27', '00:11:00', 2),
	(72, 72, '2025-04-27', '00:11:00', 2),
	(73, 73, '2025-04-27', '00:11:00', 2),
	(74, 74, '2025-04-27', '00:11:00', 2),
	(75, 75, '2025-04-27', '00:11:00', 2),
	(76, 76, '2025-04-22', '00:11:00', 2),
	(77, 77, '2025-04-22', '00:11:00', 2),
	(78, 78, '2025-04-22', '00:11:00', 2),
	(79, 79, '2025-04-22', '00:11:00', 2),
	(80, 80, '2025-04-22', '00:11:00', 2),
	(81, 81, '2025-04-22', '00:11:00', 2),
	(82, 82, '2025-04-22', '00:11:00', 2),
	(83, 83, '2025-04-22', '00:11:00', 2),
	(84, 84, '2025-04-22', '00:11:00', 2),
	(85, 85, '2025-04-22', '00:11:00', 2),
	(86, 86, '2025-04-22', '00:11:00', 2),
	(87, 87, '2025-04-22', '00:11:00', 2),
	(88, 88, '2025-04-07', '01:34:00', 9),
	(89, 89, '2025-03-29', '02:05:00', 10),
	(90, 90, '2025-03-25', '01:00:00', 11),
	(91, 91, '2025-03-25', '00:44:00', 11),
	(92, 92, '2025-03-23', '00:49:00', 11),
	(93, 93, '2025-03-23', '00:45:00', 11),
	(94, 94, '2025-03-23', '01:04:00', 12),
	(95, 95, '2025-03-04', '01:37:00', 13),
	(96, 96, '2025-03-04', '00:47:00', 14),
	(97, 97, '2025-03-04', '00:48:00', 15),
	(98, 98, '2025-03-04', '00:46:00', 16),
	(99, 99, '2025-03-04', '01:56:00', 17),
	(100, 100, '2025-03-01', '00:17:00', 18),
	(101, 101, '2025-03-01', '00:17:00', 19),
	(102, 102, '2025-02-22', '00:46:00', 20),
	(103, 103, '2025-02-22', '00:46:00', 20),
	(104, 104, '2025-02-22', '01:32:00', 20),
	(105, 105, '2025-02-21', '01:31:00', 21),
	(106, 106, '2025-02-20', '01:01:00', 22),
	(107, 107, '2025-02-10', '02:03:00', 23),
	(108, 108, '2025-02-09', '00:23:00', 24),
	(109, 109, '2025-02-08', '00:24:00', 25),
	(110, 110, '2025-02-08', '00:24:00', 25),
	(111, 111, '2025-02-08', '00:24:00', 25),
	(112, 112, '2025-02-08', '00:24:00', 25),
	(113, 113, '2025-02-08', '00:24:00', 25),
	(114, 114, '2025-02-08', '00:23:00', 25),
	(115, 115, '2025-01-31', '00:23:00', 26),
	(116, 116, '2025-01-31', '01:39:00', 27),
	(117, 117, '2025-01-25', '01:11:00', 28),
	(118, 118, '2025-01-24', '00:36:00', 29),
	(119, 119, '2025-01-24', '00:24:00', 29),
	(120, 120, '2025-01-24', '00:26:00', 29),
	(121, 121, '2025-01-24', '00:25:00', 29),
	(122, 122, '2025-01-24', '00:26:00', 29),
	(123, 123, '2025-01-24', '00:25:00', 29),
	(124, 124, '2025-01-24', '00:20:00', 29),
	(125, 125, '2025-01-15', '00:13:00', 30),
	(126, 126, '2025-01-15', '00:13:00', 30),
	(127, 127, '2025-01-15', '00:13:00', 30),
	(128, 128, '2025-01-15', '00:13:00', 30),
	(129, 129, '2025-01-15', '00:13:00', 30),
	(130, 130, '2025-01-15', '00:13:00', 30),
	(131, 131, '2025-01-15', '00:13:00', 30),
	(132, 132, '2025-01-13', '00:34:00', 31),
	(133, 133, '2025-01-13', '00:31:00', 31),
	(134, 134, '2025-01-13', '00:29:00', 31),
	(135, 135, '2025-01-13', '00:28:00', 31),
	(136, 136, '2025-01-13', '00:29:00', 31),
	(137, 137, '2025-01-12', '00:27:00', 31),
	(138, 138, '2025-01-12', '00:28:00', 31),
	(139, 139, '2025-01-12', '00:27:00', 31),
	(140, 140, '2025-01-11', '01:22:00', 32),
	(141, 141, '2025-01-10', '00:21:00', 33),
	(142, 142, '2025-01-05', '02:04:00', 34),
	(143, 143, '2025-01-05', '01:52:00', 35);